{"ShapeRenderable0": {"effectList": [{"type": "shapeRenderable"}]}, "ShapeRenderable1": {"effectList": [{"type": "shapeRenderable"}]}, "ShapeRenderable2": {"effectList": [{"type": "shapeRenderable"}]}, "ShapeRenderable3": {"effectList": [{"type": "shapeRenderable"}]}, "ShapeRenderable4": {"effectList": [{"type": "shapeRenderable"}]}, "ShapeRenderable5": {"effectList": [{"type": "shapeRenderable"}]}, "ShapeRenderable6": {"effectList": [{"type": "shapeRenderable"}]}, "ShapeRenderable7": {"effectList": [{"type": "shapeRenderable"}]}, "ShapeRenderable8": {"effectList": [{"type": "shapeRenderable"}]}, "ShapeRenderable9": {"effectList": [{"type": "shapeRenderable"}]}, "ShapeRenderable10": {"effectList": [{"type": "shapeRenderable"}]}, "ShapeRenderable11": {"effectList": [{"type": "shapeRenderable"}]}, "ShapeRenderable12": {"effectList": [{"type": "shapeRenderable"}]}, "ShapeRenderable13": {"effectList": [{"type": "shapeRenderable"}]}, "ShapeRenderable14": {"effectList": [{"type": "shapeRenderable"}]}, "ShapeRenderable15": {"effectList": [{"type": "shapeRenderable"}]}, "ShapeRenderable16": {"effectList": [{"type": "shapeRenderable"}]}, "ShapeRenderable17": {"effectList": [{"type": "shapeRenderable"}]}, "ShapeRenderable18": {"effectList": [{"type": "shapeRenderable"}]}, "ShapeRenderable19": {"effectList": [{"type": "shapeRenderable"}]}, "ShapeRenderable20": {"effectList": [{"type": "shapeRenderable"}]}, "ShapeRenderable21": {"effectList": [{"type": "shapeRenderable"}]}, "ShapeRenderable22": {"effectList": [{"type": "shapeRenderable"}]}, "ShapeRenderable23": {"effectList": [{"type": "shapeRenderable"}]}, "ShapeRenderable24": {"effectList": [{"type": "shapeRenderable"}]}, "ShapeRenderable25": {"effectList": [{"type": "shapeRenderable"}]}, "ShapeRenderable26": {"effectList": [{"type": "shapeRenderable"}]}, "ShapeRenderable27": {"effectList": [{"type": "shapeRenderable"}]}, "ShapeRenderable28": {"effectList": [{"type": "shapeRenderable"}]}, "ShapeRenderable29": {"effectList": [{"type": "shapeRenderable"}]}, "ShapeRenderable30": {"effectList": [{"type": "shapeRenderable"}]}, "ShapeRenderable31": {"effectList": [{"type": "shapeRenderable"}]}, "ShapeRenderable32": {"effectList": [{"type": "shapeRenderable"}]}, "ShapeRenderable33": {"effectList": [{"type": "shapeRenderable"}]}, "ShapeRenderable34": {"effectList": [{"type": "shapeRenderable"}]}, "ShapeRenderable35": {"effectList": [{"type": "shapeRenderable"}]}, "ShapeRenderable36": {"effectList": [{"type": "shapeRenderable"}]}, "ShapeRenderable37": {"effectList": [{"type": "shapeRenderable"}]}, "ShapeRenderable38": {"effectList": [{"type": "shapeRenderable"}]}, "ShapeRenderable39": {"effectList": [{"type": "shapeRenderable"}]}, "ShapeRenderable40": {"effectList": [{"type": "shapeRenderable"}]}, "ShapeRenderable41": {"effectList": [{"type": "shapeRenderable"}]}, "ShapeRenderable42": {"effectList": [{"type": "shapeRenderable"}]}, "ShapeRenderable43": {"effectList": [{"type": "shapeRenderable"}]}, "ShapeRenderable44": {"effectList": [{"type": "shapeRenderable"}]}, "ShapeRenderable45": {"effectList": [{"type": "shapeRenderable"}]}, "ShapeRenderable46": {"effectList": [{"type": "shapeRenderable"}]}, "ShapeRenderable47": {"effectList": [{"type": "shapeRenderable"}]}, "ShapeRenderable48": {"effectList": [{"type": "shapeRenderable"}]}, "ShapeRenderable49": {"effectList": [{"type": "shapeRenderable"}]}, "ShapeRenderable50": {"effectList": [{"type": "shapeRenderable"}]}, "ShapeRenderable51": {"effectList": [{"type": "shapeRenderable"}]}, "ShapeRenderable52": {"effectList": [{"type": "shapeRenderable"}]}, "ShapeRenderable53": {"effectList": [{"type": "shapeRenderable"}]}, "ShapeRenderable54": {"effectList": [{"type": "shapeRenderable"}]}, "ShapeRenderable55": {"effectList": [{"type": "shapeRenderable"}]}, "ShapeRenderable56": {"effectList": [{"type": "shapeRenderable"}]}, "ShapeRenderable57": {"effectList": [{"type": "shapeRenderable"}]}, "ShapeRenderable58": {"effectList": [{"type": "shapeRenderable"}]}, "ShapeRenderable59": {"effectList": [{"type": "shapeRenderable"}]}, "ShapeRenderable60": {"effectList": [{"type": "shapeRenderable"}]}, "ShapeRenderable61": {"effectList": [{"type": "shapeRenderable"}]}, "ShapeRenderable62": {"effectList": [{"type": "shapeRenderable"}]}, "ShapeRenderable63": {"effectList": [{"type": "shapeRenderable"}]}, "ShapeRenderable64": {"effectList": [{"type": "shapeRenderable"}]}, "ShapeRenderable65": {"effectList": [{"type": "shapeRenderable"}]}, "ShapeRenderable66": {"effectList": [{"type": "shapeRenderable"}]}, "ShapeRenderable67": {"effectList": [{"type": "shapeRenderable"}]}, "ShapeRenderable68": {"effectList": [{"type": "shapeRenderable"}]}, "ShapeRenderable69": {"effectList": [{"type": "shapeRenderable"}]}, "ShapeRenderable70": {"effectList": [{"type": "shapeRenderable"}]}, "ShapeRenderable71": {"effectList": [{"type": "shapeRenderable"}]}, "ShapeRenderable72": {"effectList": [{"type": "shapeRenderable"}]}, "ShapeRenderable73": {"effectList": [{"type": "shapeRenderable"}]}, "ShapeRenderable74": {"effectList": [{"type": "shapeRenderable"}]}, "ShapeRenderable75": {"effectList": [{"type": "shapeRenderable"}]}, "ShapeRenderable76": {"effectList": [{"type": "shapeRenderable"}]}, "ShapeRenderable77": {"effectList": [{"type": "shapeRenderable"}]}, "ShapeRenderable78": {"effectList": [{"type": "shapeRenderable"}]}, "ShapeRenderable79": {"effectList": [{"type": "shapeRenderable"}]}, "ShapeRenderable80": {"effectList": [{"type": "shapeRenderable"}]}, "ShapeRenderable81": {"effectList": [{"type": "shapeRenderable"}]}, "ShapeRenderable82": {"effectList": [{"type": "shapeRenderable"}]}, "ShapeRenderable83": {"effectList": [{"type": "shapeRenderable"}]}, "ShapeRenderable84": {"effectList": [{"type": "shapeRenderable"}]}, "ShapeRenderable85": {"effectList": [{"type": "shapeRenderable"}]}, "ShapeRenderable86": {"effectList": [{"type": "shapeRenderable"}]}, "ShapeRenderable87": {"effectList": [{"type": "shapeRenderable"}]}, "ShapeRenderable88": {"effectList": [{"type": "shapeRenderable"}]}, "ShapeRenderable89": {"effectList": [{"type": "shapeRenderable"}]}, "ShapeRenderable90": {"effectList": [{"type": "shapeRenderable"}]}, "ShapeRenderable91": {"effectList": [{"type": "shapeRenderable"}]}, "ShapeRenderable92": {"effectList": [{"type": "shapeRenderable"}]}, "ShapeRenderable93": {"effectList": [{"type": "shapeRenderable"}]}, "ShapeRenderable94": {"effectList": [{"type": "shapeRenderable"}]}, "ShapeRenderable95": {"effectList": [{"type": "shapeRenderable"}]}, "ShapeRenderable96": {"effectList": [{"type": "shapeRenderable"}]}, "ShapeRenderable97": {"effectList": [{"type": "shapeRenderable"}]}, "ShapeRenderable98": {"effectList": [{"type": "shapeRenderable"}]}, "ShapeRenderable99": {"effectList": [{"type": "shapeRenderable"}]}, "ShapeRenderable100": {"effectList": [{"type": "shapeRenderable"}]}, "ShapeRenderable101": {"effectList": [{"type": "shapeRenderable"}]}, "ShapeRenderable102": {"effectList": [{"type": "shapeRenderable"}]}, "ShapeRenderable103": {"effectList": [{"type": "shapeRenderable"}]}, "ShapeRenderable104": {"effectList": [{"type": "shapeRenderable"}]}, "ShapeRenderable105": {"effectList": [{"type": "shapeRenderable"}]}, "ShapeRenderable106": {"effectList": [{"type": "shapeRenderable"}]}, "ShapeRenderable107": {"effectList": [{"type": "shapeRenderable"}]}, "ShapeRenderable108": {"effectList": [{"type": "shapeRenderable"}]}, "ShapeRenderable109": {"effectList": [{"type": "shapeRenderable"}]}, "ShapeRenderable110": {"effectList": [{"type": "shapeRenderable"}]}, "ShapeRenderable111": {"effectList": [{"type": "shapeRenderable"}]}, "ShapeRenderable112": {"effectList": [{"type": "shapeRenderable"}]}, "ShapeRenderable113": {"effectList": [{"type": "shapeRenderable"}]}, "ShapeRenderable114": {"effectList": [{"type": "shapeRenderable"}]}, "ShapeRenderable115": {"effectList": [{"type": "shapeRenderable"}]}, "ShapeRenderable116": {"effectList": [{"type": "shapeRenderable"}]}, "ShapeRenderable117": {"effectList": [{"type": "shapeRenderable"}]}, "ShapeRenderable118": {"effectList": [{"type": "shapeRenderable"}]}, "ShapeRenderable119": {"effectList": [{"type": "shapeRenderable"}]}, "ShapeRenderable120": {"effectList": [{"type": "shapeRenderable"}]}, "ShapeRenderable121": {"effectList": [{"type": "shapeRenderable"}]}, "ShapeRenderable122": {"effectList": [{"type": "shapeRenderable"}]}, "ShapeRenderable123": {"effectList": [{"type": "shapeRenderable"}]}, "ShapeRenderable124": {"effectList": [{"type": "shapeRenderable"}]}, "ShapeRenderable125": {"effectList": [{"type": "shapeRenderable"}]}, "ShapeRenderable126": {"effectList": [{"type": "shapeRenderable"}]}, "ShapeRenderable127": {"effectList": [{"type": "shapeRenderable"}]}, "ShapeRenderable128": {"effectList": [{"type": "shapeRenderable"}]}, "ShapeRenderable129": {"effectList": [{"type": "shapeRenderable"}]}, "ShapeRenderable130": {"effectList": [{"type": "shapeRenderable"}]}, "ShapeRenderable131": {"effectList": [{"type": "shapeRenderable"}]}, "ShapeRenderable132": {"effectList": [{"type": "shapeRenderable"}]}, "ShapeRenderable133": {"effectList": [{"type": "shapeRenderable"}]}, "ShapeRenderable134": {"effectList": [{"type": "shapeRenderable"}]}, "ShapeRenderable135": {"effectList": [{"type": "shapeRenderable"}]}, "ShapeRenderable136": {"effectList": [{"type": "shapeRenderable"}]}, "ShapeRenderable137": {"effectList": [{"type": "shapeRenderable"}]}, "ShapeRenderable138": {"effectList": [{"type": "shapeRenderable"}]}, "ShapeRenderable139": {"effectList": [{"type": "shapeRenderable"}]}, "ShapeRenderable140": {"effectList": [{"type": "shapeRenderable"}]}, "ShapeRenderable141": {"effectList": [{"type": "shapeRenderable"}]}, "ShapeRenderable142": {"effectList": [{"type": "shapeRenderable"}]}, "ShapeRenderable143": {"effectList": [{"type": "shapeRenderable"}]}, "ShapeRenderable144": {"effectList": [{"type": "shapeRenderable"}]}, "ShapeRenderable145": {"effectList": [{"type": "shapeRenderable"}]}, "ShapeRenderable146": {"effectList": [{"type": "shapeRenderable"}]}, "ShapeRenderable147": {"effectList": [{"type": "shapeRenderable"}]}, "ShapeRenderable148": {"effectList": [{"type": "shapeRenderable"}]}, "ShapeRenderable149": {"effectList": [{"type": "shapeRenderable"}]}, "ShapeRenderable150": {"effectList": [{"type": "shapeRenderable"}]}, "ShapeRenderable151": {"effectList": [{"type": "shapeRenderable"}]}, "ShapeRenderable152": {"effectList": [{"type": "shapeRenderable"}]}, "ShapeRenderable153": {"effectList": [{"type": "shapeRenderable"}]}, "ShapeRenderable154": {"effectList": [{"type": "shapeRenderable"}]}, "ShapeRenderable155": {"effectList": [{"type": "shapeRenderable"}]}, "ShapeRenderable156": {"effectList": [{"type": "shapeRenderable"}]}, "ShapeRenderable157": {"effectList": [{"type": "shapeRenderable"}]}, "ShapeRenderable158": {"effectList": [{"type": "shapeRenderable"}]}, "ShapeRenderable159": {"effectList": [{"type": "shapeRenderable"}]}, "ShapeRenderable160": {"effectList": [{"type": "shapeRenderable"}]}, "ShapeRenderable161": {"effectList": [{"type": "shapeRenderable"}]}, "ShapeRenderable162": {"effectList": [{"type": "shapeRenderable"}]}, "ShapeRenderable163": {"effectList": [{"type": "shapeRenderable"}]}, "ShapeRenderable164": {"effectList": [{"type": "shapeRenderable"}]}, "ShapeRenderable165": {"effectList": [{"type": "shapeRenderable"}]}, "ShapeRenderable166": {"effectList": [{"type": "shapeRenderable"}]}, "ShapeRenderable167": {"effectList": [{"type": "shapeRenderable"}]}, "ShapeRenderable168": {"effectList": [{"type": "shapeRenderable"}]}, "ShapeRenderable169": {"effectList": [{"type": "shapeRenderable"}]}, "ShapeRenderable170": {"effectList": [{"type": "shapeRenderable"}]}, "ShapeRenderable171": {"effectList": [{"type": "shapeRenderable"}]}, "ShapeRenderable172": {"effectList": [{"type": "shapeRenderable"}]}, "ShapeRenderable173": {"effectList": [{"type": "shapeRenderable"}]}, "ShapeRenderable174": {"effectList": [{"type": "shapeRenderable"}]}, "ShapeRenderable175": {"effectList": [{"type": "shapeRenderable"}]}, "ShapeRenderable176": {"effectList": [{"type": "shapeRenderable"}]}, "ShapeRenderable177": {"effectList": [{"type": "shapeRenderable"}]}, "ShapeRenderable178": {"effectList": [{"type": "shapeRenderable"}]}, "ShapeRenderable179": {"effectList": [{"type": "shapeRenderable"}]}, "ShapeRenderable180": {"effectList": [{"type": "shapeRenderable"}]}, "ShapeRenderable181": {"effectList": [{"type": "shapeRenderable"}]}, "ShapeRenderable182": {"effectList": [{"type": "shapeRenderable"}]}, "ShapeRenderable183": {"effectList": [{"type": "shapeRenderable"}]}, "ShapeRenderable184": {"effectList": [{"type": "shapeRenderable"}]}, "ShapeRenderable185": {"effectList": [{"type": "shapeRenderable"}]}, "ShapeRenderable186": {"effectList": [{"type": "shapeRenderable"}]}, "ShapeRenderable187": {"effectList": [{"type": "shapeRenderable"}]}, "ShapeRenderable188": {"effectList": [{"type": "shapeRenderable"}]}, "ShapeRenderable189": {"effectList": [{"type": "shapeRenderable"}]}, "ShapeRenderable190": {"effectList": [{"type": "shapeRenderable"}]}, "ShapeRenderable191": {"effectList": [{"type": "shapeRenderable"}]}, "ShapeRenderable192": {"effectList": [{"type": "shapeRenderable"}]}, "ShapeRenderable193": {"effectList": [{"type": "shapeRenderable"}]}, "ShapeRenderable194": {"effectList": [{"type": "shapeRenderable"}]}, "ShapeRenderable195": {"effectList": [{"type": "shapeRenderable"}]}, "ShapeRenderable196": {"effectList": [{"type": "shapeRenderable"}]}, "ShapeRenderable197": {"effectList": [{"type": "shapeRenderable"}]}, "ShapeRenderable198": {"effectList": [{"type": "shapeRenderable"}]}, "ShapeRenderable199": {"effectList": [{"type": "shapeRenderable"}]}, "ShapeRenderable200": {"effectList": [{"type": "shapeRenderable"}]}, "ShapeRenderable201": {"effectList": [{"type": "shapeRenderable"}]}, "ShapeRenderable202": {"effectList": [{"type": "shapeRenderable"}]}, "ShapeRenderable203": {"effectList": [{"type": "shapeRenderable"}]}, "ShapeRenderable204": {"effectList": [{"type": "shapeRenderable"}]}, "ShapeRenderable205": {"effectList": [{"type": "shapeRenderable"}]}, "ShapeRenderable206": {"effectList": [{"type": "shapeRenderable"}]}, "ShapeRenderable207": {"effectList": [{"type": "shapeRenderable"}]}, "ShapeRenderable208": {"effectList": [{"type": "shapeRenderable"}]}, "ShapeRenderable209": {"effectList": [{"type": "shapeRenderable"}]}, "ShapeRenderable210": {"effectList": [{"type": "shapeRenderable"}]}, "ShapeRenderable211": {"effectList": [{"type": "shapeRenderable"}]}, "ShapeRenderable212": {"effectList": [{"type": "shapeRenderable"}]}, "ShapeRenderable213": {"effectList": [{"type": "shapeRenderable"}]}, "ShapeRenderable214": {"effectList": [{"type": "shapeRenderable"}]}, "ShapeRenderable215": {"effectList": [{"type": "shapeRenderable"}]}, "ShapeRenderable216": {"effectList": [{"type": "shapeRenderable"}]}, "ShapeRenderable217": {"effectList": [{"type": "shapeRenderable"}]}, "ShapeRenderable218": {"effectList": [{"type": "shapeRenderable"}]}, "ShapeRenderable219": {"effectList": [{"type": "shapeRenderable"}]}, "ShapeRenderable220": {"effectList": [{"type": "shapeRenderable"}]}, "ShapeRenderable221": {"effectList": [{"type": "shapeRenderable"}]}, "ShapeRenderable222": {"effectList": [{"type": "shapeRenderable"}]}, "ShapeRenderable223": {"effectList": [{"type": "shapeRenderable"}]}, "ShapeRenderable224": {"effectList": [{"type": "shapeRenderable"}]}, "ShapeRenderable225": {"effectList": [{"type": "shapeRenderable"}]}, "ShapeRenderable226": {"effectList": [{"type": "shapeRenderable"}]}, "ShapeRenderable227": {"effectList": [{"type": "shapeRenderable"}]}, "ShapeRenderable228": {"effectList": [{"type": "shapeRenderable"}]}, "ShapeRenderable229": {"effectList": [{"type": "shapeRenderable"}]}, "ShapeRenderable230": {"effectList": [{"type": "shapeRenderable"}]}, "ShapeRenderable231": {"effectList": [{"type": "shapeRenderable"}]}, "ShapeRenderable232": {"effectList": [{"type": "shapeRenderable"}]}, "ShapeRenderable233": {"effectList": [{"type": "shapeRenderable"}]}, "ShapeRenderable234": {"effectList": [{"type": "shapeRenderable"}]}, "ShapeRenderable235": {"effectList": [{"type": "shapeRenderable"}]}, "ShapeRenderable236": {"effectList": [{"type": "shapeRenderable"}]}, "ShapeRenderable237": {"effectList": [{"type": "shapeRenderable"}]}, "ShapeRenderable238": {"effectList": [{"type": "shapeRenderable"}]}, "ShapeRenderable239": {"effectList": [{"type": "shapeRenderable"}]}, "ShapeRenderable240": {"effectList": [{"type": "shapeRenderable"}]}, "ShapeRenderable241": {"effectList": [{"type": "shapeRenderable"}]}, "ShapeRenderable242": {"effectList": [{"type": "shapeRenderable"}]}, "ShapeRenderable243": {"effectList": [{"type": "shapeRenderable"}]}, "ShapeRenderable244": {"effectList": [{"type": "shapeRenderable"}]}, "ShapeRenderable245": {"effectList": [{"type": "shapeRenderable"}]}, "ShapeRenderable246": {"effectList": [{"type": "shapeRenderable"}]}, "ShapeRenderable247": {"effectList": [{"type": "shapeRenderable"}]}, "ShapeRenderable248": {"effectList": [{"type": "shapeRenderable"}]}, "ShapeRenderable249": {"effectList": [{"type": "shapeRenderable"}]}, "ShapeRenderable250": {"effectList": [{"type": "shapeRenderable"}]}, "ShapeRenderable251": {"effectList": [{"type": "shapeRenderable"}]}, "ShapeRenderable252": {"effectList": [{"type": "shapeRenderable"}]}, "ShapeRenderable253": {"effectList": [{"type": "shapeRenderable"}]}, "ShapeRenderable254": {"effectList": [{"type": "shapeRenderable"}]}, "ShapeRenderable255": {"effectList": [{"type": "shapeRenderable"}]}}