{
   "blockList" : [
      {
         "asg" : "$GAME_DATA/Objects/Textures/Blocks/blk_glass_asg.tga",
         "dif" : "$GAME_DATA/Objects/Textures/Blocks/blk_glass_dif.tga",
         "glass" : true,
         "nor" : "",
         "physicsMaterial" : "Water",
         "showInInventory" : false,
         "tiling" : 4,
         "uuid" : "2f4c970d-c249-4f8d-ac2e-0a89abd2013f"
      },
      {
         "asg" : "$CONTENT_DATA/Textures/glow_asg.tga",
         "dif" : "$GAME_DATA/Objects/Textures/Blocks/blk_glass_dif.tga",
         "nor" : "",
         "physicsMaterial" : "Water",
         "showInInventory" : false,
         "tiling" : 4,
         "uuid" : "d3db3f52-0a8d-4884-afd6-b4f2ac4365c2"
      },
      {
         "asg" : "$GAME_DATA/Textures/Default/default_asg.tga",
         "dif" : "$GAME_DATA/Textures/Default/default_dif.tga",
         "nor" : "$GAME_DATA/Textures/Default/default_nor.tga",
         "physicsMaterial" : "Water",
         "showInInventory" : false,
         "tiling" : 4,
         "uuid" : "765c61be-7d34-4b11-bb2f-e58cfc1708e6"
      }
   ]
}
